Workbook
Name MeanSampleMeansLabel: Results!$AA$7
Name avaluesonesided: Confidence!$B$2:$G$2
Name PopulationMean: Population!$A$2
Name NumSamples: Results!$N$5
Name Confidence: Results!$P$17
Name DistributionNames: 'Example Distributions'!$A$1:$J$1
Name SampleMeans: Samples!$B$2:$CW$2
Name ShowIntervals: Results!$P$16
Name Distribution: Results!$L$5
Name DegreesFreedom: Confidence!$L$6
Name SampleSize: Results!$P$5
Name _xlchart.v1.1: #REF!
Name avaluestwosided: Confidence!$B$5:$G$5
Name _xlchart.v1.0: #REF!
Name ConfidenceValues: Confidence!$T$2:$T$4
Name SampleNumber: Results!$P$5
Name PopMeanLabel: Results!$AA$5
Name dfvalues: Confidence!$A$8:$A$54
Name PopulationSize: Results!$L$8
Name tvalues: Confidence!$B$8:$G$54
Name tvalue: Confidence!$O$1
Name samplemean: Confidence!$L$1
Name alpha: Confidence!$L$5
Name MeanSampleMeans: Samples!$A$2
Name Population: Population!$A$5:$A$1004
Name samplestdev: Confidence!$L$2

Sheet 1 A
G2: 5030 | H2: 2800
G3: 13700 | H3: 4670
G4: 10730 | H4: 6890
G5: 11400 | H5: 7720
G6: 860 | H6: 7030
G7: 2200 | H7: 7330
G8: 4250 | H8: 2810
G9: 15040 | H9: 1330
G10: 4980 | H10: 3320
G11: 11910 | H11: 1230
G12: 8130 | H12: 2130
G13: 26850 | H13: 2190
G14: 17660
G15: 22800
G16: 1130
G17: 1690

Sheet 1 B

Sheet Anova
A1: Case ID | B1: Shopee | C1: Tokopedia | D1: TikTok | F1: Apakah ada rataan perbedaan jumlah data yang hilang akibat kasus hacker malware pada ketiga perusahaan?
A2: 1 | B2: 30 | C2: 35 | D2: 23
A3: 2 | B3: 44 | C3: 44 | D3: 34
A4: 3 | B4: 34 | C4: 33 | D4: 34
A5: 4 | B5: 3 | C5: 2 | D5: 34
A6: 5 | B6: 7 | C6: 8 | D6: 43
A7: 6 | B7: 47 | C7: 48 | D7: 34
A8: 7 | B8: 33 | C8: 32 | D8: 43
A9: 8 | B9: 21 | C9: 23 | D9: 34
A10: 9 | B10: 36 | C10: 34 | D10: 48
A11: 10 | B11: 16 | C11: 15 | D11: 34
A12: 11 | B12: 33 | C12: 32 | D12: 43
A13: 12 | B13: 4 | C13: 4 | D13: 34
... A206: 205 | B206: 5 | C206: 5 | D206: 34

Sheet Example Distributions
A1: Poisson | B1: Binomial | C1: Uniform | D1: Normal | E1: Right Skew
A2: 2 | B2: 6 | C2: =15/1000 -> 0.015 | D2: 5.2800523 | E2: =D2^3/115 -> 1.2800202
A3: 0 | B3: 4 | C3: =C2+(15/1000) -> 0.03 | D3: 7.8765426 | E3: =D3^3/115 -> 4.2492182
A4: 3 | B4: 5 | C4: =C3+(15/1000) -> 0.045 | D4: 4.5716764 | E4: =D4^3/115 -> 0.83086146
A5: 2 | B5: 5 | C5: =C4+(15/1000) -> 0.06 | D5: 9.9623425 | E5: =D5^3/115 -> 8.5977846
A6: 2 | B6: 4 | C6: =C5+(15/1000) -> 0.075 | D6: 5.3784141 | E6: =D6^3/115 -> 1.3528975
A7: 0 | B7: 9 | C7: =C6+(15/1000) -> 0.09 | D7: 6.0782737 | E7: =D7^3/115 -> 1.9527333
A8: 0 | B8: 4 | C8: =C7+(15/1000) -> 0.105 | D8: 5.9956365 | E8: =D8^3/115 -> 1.8741659
A9: 0 | B9: 5 | C9: =C8+(15/1000) -> 0.12 | D9: 10.253335 | E9: =D9^3/115 -> 9.3734106
A10: 3 | B10: 6 | C10: =C9+(15/1000) -> 0.135 | D10: 8.6774618 | E10: =D10^3/115 -> 5.6817261
A11: 3 | B11: 2 | C11: =C10+(15/1000) -> 0.15 | D11: 5.0790517 | E11: =D11^3/115 -> 1.1393314
A12: 0 | B12: 5 | C12: =C11+(15/1000) -> 0.165 | D12: 8.6329534 | E12: =D12^3/115 -> 5.5947457
A13: 5 | B13: 4 | C13: =C12+(15/1000) -> 0.18 | D13: 6.6030346 | E13: =D13^3/115 -> 2.5034151
A14: 3 | B14: 7 | C14: =C13+(15/1000) -> 0.195 | D14: 6.0585144 | E14: =D14^3/115 -> 1.9337512
... A1001: 0 | B1001: 6 | C1001: =C1000+(15/1000) -> 15 | D1001: 8.4517138 | E1001: =D1001^3/115 -> 5.2497245

Sheet Population
A1: Mean
A2: =AVERAGE(A5:A1004) -> 5.002
A4: Population
A5: {=INDEX('Example Distributions'!$A$1:$J$1001,ROW()-ROW($A$4)+1,MATCH(Distribution,DistributionNames,FALSE))} -> 6
A6: {=INDEX('Example Distributions'!$A$1:$J$1001,ROW()-ROW($A$4)+1,MATCH(Distribution,DistributionNames,FALSE))} -> 4
A7: {=INDEX('Example Distributions'!$A$1:$J$1001,ROW()-ROW($A$4)+1,MATCH(Distribution,DistributionNames,FALSE))} -> 5
A8: {=INDEX('Example Distributions'!$A$1:$J$1001,ROW()-ROW($A$4)+1,MATCH(Distribution,DistributionNames,FALSE))} -> 5
A9: {=INDEX('Example Distributions'!$A$1:$J$1001,ROW()-ROW($A$4)+1,MATCH(Distribution,DistributionNames,FALSE))} -> 4
A10: {=INDEX('Example Distributions'!$A$1:$J$1001,ROW()-ROW($A$4)+1,MATCH(Distribution,DistributionNames,FALSE))} -> 9
A11: {=INDEX('Example Distributions'!$A$1:$J$1001,ROW()-ROW($A$4)+1,MATCH(Distribution,DistributionNames,FALSE))} -> 4
A12: {=INDEX('Example Distributions'!$A$1:$J$1001,ROW()-ROW($A$4)+1,MATCH(Distribution,DistributionNames,FALSE))} -> 5
A13: {=INDEX('Example Distributions'!$A$1:$J$1001,ROW()-ROW($A$4)+1,MATCH(Distribution,DistributionNames,FALSE))} -> 6
A14: {=INDEX('Example Distributions'!$A$1:$J$1001,ROW()-ROW($A$4)+1,MATCH(Distribution,DistributionNames,FALSE))} -> 2
A15: {=INDEX('Example Distributions'!$A$1:$J$1001,ROW()-ROW($A$4)+1,MATCH(Distribution,DistributionNames,FALSE))} -> 5
A16: {=INDEX('Example Distributions'!$A$1:$J$1001,ROW()-ROW($A$4)+1,MATCH(Distribution,DistributionNames,FALSE))} -> 4
... A1004: {=INDEX('Example Distributions'!$A$1:$J$1001,ROW()-ROW($A$4)+1,MATCH(Distribution,DistributionNames,FALSE))} -> 6

Sheet Samples
A1: Mean of Sample Means | B1: Sample Means
A2: =AVERAGE(SampleMeans) -> 5.004 | B2: =IFERROR(AVERAGE(B5:B1004),"") -> 4.7 | C2: =IFERROR(AVERAGE(C5:C1004),"") -> 5.5 | D2: =IFERROR(AVERAGE(D5:D1004),"") -> 4.4 | E2: =IFERROR(AVERAGE(E5:E1004),"") -> 4.7 | F2: =IFERROR(AVERAGE(F5:F1004),"") -> 5 | G2: =IFERROR(AVERAGE(G5:G1004),"") -> 5.2 | H2: =IFERROR(AVERAGE(H5:H1004),"") -> 4.9 | I2: =IFERROR(AVERAGE(I5:I1004),"") -> 5.4 | ... CW2: =IFERROR(AVERAGE(CW5:CW1004),"") -> 4.3
A4: Sample Number >> | B4: S1 | C4: S2 | D4: S3 | E4: S4 | F4: S5 | G4: S6 | H4: S7 | I4: S8 | J4: S9 | K4: S10 | L4: S11 | M4: S12 | N4: S13 | O4: S14 | P4: S15 | Q4: S16 | R4: S17 | S4: S18 | T4: S19 | U4: S20 | V4: S21 | W4: S22 | X4: S23 | Y4: S24 | Z4: S25 | AA4: S26 | AB4: S27 | AC4: S28 | AD4: S29 | AE4: S30 | AF4: S31 | AG4: S32 | AH4: S33 | AI4: S34 | AJ4: S35 | AK4: S36 | AL4: S37 | AM4: S38 | AN4: S39 | AO4: S40 | AP4: S41 | AQ4: S42 | AR4: S43 | AS4: S44 | AT4: S45 | AU4: S46 | AV4: S47 | AW4: S48 | AX4: S49 | AY4: S50 | AZ4: S51 | BA4: S52 | BB4: S53 | BC4: S54 | BD4: S55 | BE4: S56 | BF4: S57 | BG4: S58 | BH4: S59 | BI4: S60 | BJ4: S61 | BK4: S62 | BL4: S63 | BM4: S64 | BN4: S65 | BO4: S66 | BP4: S67 | BQ4: S68 | BR4: S69 | BS4: S70 | BT4: S71 | BU4: S72 | BV4: S73 | BW4: S74 | BX4: S75 | BY4: S76 | BZ4: S77 | CA4: S78 | CB4: S79 | CC4: S80 | CD4: S81 | CE4: S82 | CF4: S83 | CG4: S84 | CH4: S85 | CI4: S86 | CJ4: S87 | CK4: S88 | CL4: S89 | CM4: S90 | CN4: S91 | CO4: S92 | CP4: S93 | CQ4: S94 | CR4: S95 | CS4: S96 | CT4: S97 | CU4: S98 | CV4: S99 | CW4: S100
A5: 1 | B5: =IF(RIGHT(B$4,LEN(B$4)-1)*1>NumSamples,"",IF($A5<=SampleSize,OFFSET(Population!$A$4,RandomNumbers!B2,0),"")) -> 3 | C5: =IF(RIGHT(C$4,LEN(C$4)-1)*1>NumSamples,"",IF($A5<=SampleSize,OFFSET(Population!$A$4,RandomNumbers!C2,0),"")) -> 5 | D5: =IF(RIGHT(D$4,LEN(D$4)-1)*1>NumSamples,"",IF($A5<=SampleSize,OFFSET(Population!$A$4,RandomNumbers!D2,0),"")) -> 5 | E5: =IF(RIGHT(E$4,LEN(E$4)-1)*1>NumSamples,"",IF($A5<=SampleSize,OFFSET(Population!$A$4,RandomNumbers!E2,0),"")) -> 5 | F5: =IF(RIGHT(F$4,LEN(F$4)-1)*1>NumSamples,"",IF($A5<=SampleSize,OFFSET(Population!$A$4,RandomNumbers!F2,0),"")) -> 4 | G5: =IF(RIGHT(G$4,LEN(G$4)-1)*1>NumSamples,"",IF($A5<=SampleSize,OFFSET(Population!$A$4,RandomNumbers!G2,0),"")) -> 6 | H5: =IF(RIGHT(H$4,LEN(H$4)-1)*1>NumSamples,"",IF($A5<=SampleSize,OFFSET(Population!$A$4,RandomNumbers!H2,0),"")) -> 4 | I5: =IF(RIGHT(I$4,LEN(I$4)-1)*1>NumSamples,"",IF($A5<=SampleSize,OFFSET(Population!$A$4,RandomNumbers!I2,0),"")) -> 4 | ... CW5: =IF(RIGHT(CW$4,LEN(CW$4)-1)*1>NumSamples,"",IF($A5<=SampleSize,OFFSET(Population!$A$4,RandomNumbers!CW2,0),"")) -> 3
A6: 2 | B6: =IF(RIGHT(B$4,LEN(B$4)-1)*1>NumSamples,"",IF($A6<=SampleSize,OFFSET(Population!$A$4,RandomNumbers!B3,0),"")) -> 4 | C6: =IF(RIGHT(C$4,LEN(C$4)-1)*1>NumSamples,"",IF($A6<=SampleSize,OFFSET(Population!$A$4,RandomNumbers!C3,0),"")) -> 7 | D6: =IF(RIGHT(D$4,LEN(D$4)-1)*1>NumSamples,"",IF($A6<=SampleSize,OFFSET(Population!$A$4,RandomNumbers!D3,0),"")) -> 5 | E6: =IF(RIGHT(E$4,LEN(E$4)-1)*1>NumSamples,"",IF($A6<=SampleSize,OFFSET(Population!$A$4,RandomNumbers!E3,0),"")) -> 2 | F6: =IF(RIGHT(F$4,LEN(F$4)-1)*1>NumSamples,"",IF($A6<=SampleSize,OFFSET(Population!$A$4,RandomNumbers!F3,0),"")) -> 5 | G6: =IF(RIGHT(G$4,LEN(G$4)-1)*1>NumSamples,"",IF($A6<=SampleSize,OFFSET(Population!$A$4,RandomNumbers!G3,0),"")) -> 4 | H6: =IF(RIGHT(H$4,LEN(H$4)-1)*1>NumSamples,"",IF($A6<=SampleSize,OFFSET(Population!$A$4,RandomNumbers!H3,0),"")) -> 4 | I6: =IF(RIGHT(I$4,LEN(I$4)-1)*1>NumSamples,"",IF($A6<=SampleSize,OFFSET(Population!$A$4,RandomNumbers!I3,0),"")) -> 8 | ... CW6: =IF(RIGHT(CW$4,LEN(CW$4)-1)*1>NumSamples,"",IF($A6<=SampleSize,OFFSET(Population!$A$4,RandomNumbers!CW3,0),"")) -> 4
A7: 3 | B7: =IF(RIGHT(B$4,LEN(B$4)-1)*1>NumSamples,"",IF($A7<=SampleSize,OFFSET(Population!$A$4,RandomNumbers!B4,0),"")) -> 6 | C7: =IF(RIGHT(C$4,LEN(C$4)-1)*1>NumSamples,"",IF($A7<=SampleSize,OFFSET(Population!$A$4,RandomNumbers!C4,0),"")) -> 3 | D7: =IF(RIGHT(D$4,LEN(D$4)-1)*1>NumSamples,"",IF($A7<=SampleSize,OFFSET(Population!$A$4,RandomNumbers!D4,0),"")) -> 3 | E7: =IF(RIGHT(E$4,LEN(E$4)-1)*1>NumSamples,"",IF($A7<=SampleSize,OFFSET(Population!$A$4,RandomNumbers!E4,0),"")) -> 4 | F7: =IF(RIGHT(F$4,LEN(F$4)-1)*1>NumSamples,"",IF($A7<=SampleSize,OFFSET(Population!$A$4,RandomNumbers!F4,0),"")) -> 7 | G7: =IF(RIGHT(G$4,LEN(G$4)-1)*1>NumSamples,"",IF($A7<=SampleSize,OFFSET(Population!$A$4,RandomNumbers!G4,0),"")) -> 5 | H7: =IF(RIGHT(H$4,LEN(H$4)-1)*1>NumSamples,"",IF($A7<=SampleSize,OFFSET(Population!$A$4,RandomNumbers!H4,0),"")) -> 6 | I7: =IF(RIGHT(I$4,LEN(I$4)-1)*1>NumSamples,"",IF($A7<=SampleSize,OFFSET(Population!$A$4,RandomNumbers!I4,0),"")) -> 5 | ... CW7: =IF(RIGHT(CW$4,LEN(CW$4)-1)*1>NumSamples,"",IF($A7<=SampleSize,OFFSET(Population!$A$4,RandomNumbers!CW4,0),"")) -> 5
A8: 4 | B8: =IF(RIGHT(B$4,LEN(B$4)-1)*1>NumSamples,"",IF($A8<=SampleSize,OFFSET(Population!$A$4,RandomNumbers!B5,0),"")) -> 4 | C8: =IF(RIGHT(C$4,LEN(C$4)-1)*1>NumSamples,"",IF($A8<=SampleSize,OFFSET(Population!$A$4,RandomNumbers!C5,0),"")) -> 7 | D8: =IF(RIGHT(D$4,LEN(D$4)-1)*1>NumSamples,"",IF($A8<=SampleSize,OFFSET(Population!$A$4,RandomNumbers!D5,0),"")) -> 5 | E8: =IF(RIGHT(E$4,LEN(E$4)-1)*1>NumSamples,"",IF($A8<=SampleSize,OFFSET(Population!$A$4,RandomNumbers!E5,0),"")) -> 2 | F8: =IF(RIGHT(F$4,LEN(F$4)-1)*1>NumSamples,"",IF($A8<=SampleSize,OFFSET(Population!$A$4,RandomNumbers!F5,0),"")) -> 4 | G8: =IF(RIGHT(G$4,LEN(G$4)-1)*1>NumSamples,"",IF($A8<=SampleSize,OFFSET(Population!$A$4,RandomNumbers!G5,0),"")) -> 6 | H8: =IF(RIGHT(H$4,LEN(H$4)-1)*1>NumSamples,"",IF($A8<=SampleSize,OFFSET(Population!$A$4,RandomNumbers!H5,0),"")) -> 7 | I8: =IF(RIGHT(I$4,LEN(I$4)-1)*1>NumSamples,"",IF($A8<=SampleSize,OFFSET(Population!$A$4,RandomNumbers!I5,0),"")) -> 5 | ... CW8: =IF(RIGHT(CW$4,LEN(CW$4)-1)*1>NumSamples,"",IF($A8<=SampleSize,OFFSET(Population!$A$4,RandomNumbers!CW5,0),"")) -> 6
A9: 5 | B9: =IF(RIGHT(B$4,LEN(B$4)-1)*1>NumSamples,"",IF($A9<=SampleSize,OFFSET(Population!$A$4,RandomNumbers!B6,0),"")) -> 5 | C9: =IF(RIGHT(C$4,LEN(C$4)-1)*1>NumSamples,"",IF($A9<=SampleSize,OFFSET(Population!$A$4,RandomNumbers!C6,0),"")) -> 6 | D9: =IF(RIGHT(D$4,LEN(D$4)-1)*1>NumSamples,"",IF($A9<=SampleSize,OFFSET(Population!$A$4,RandomNumbers!D6,0),"")) -> 4 | E9: =IF(RIGHT(E$4,LEN(E$4)-1)*1>NumSamples,"",IF($A9<=SampleSize,OFFSET(Population!$A$4,RandomNumbers!E6,0),"")) -> 7 | F9: =IF(RIGHT(F$4,LEN(F$4)-1)*1>NumSamples,"",IF($A9<=SampleSize,OFFSET(Population!$A$4,RandomNumbers!F6,0),"")) -> 5 | G9: =IF(RIGHT(G$4,LEN(G$4)-1)*1>NumSamples,"",IF($A9<=SampleSize,OFFSET(Population!$A$4,RandomNumbers!G6,0),"")) -> 3 | H9: =IF(RIGHT(H$4,LEN(H$4)-1)*1>NumSamples,"",IF($A9<=SampleSize,OFFSET(Population!$A$4,RandomNumbers!H6,0),"")) -> 4 | I9: =IF(RIGHT(I$4,LEN(I$4)-1)*1>NumSamples,"",IF($A9<=SampleSize,OFFSET(Population!$A$4,RandomNumbers!I6,0),"")) -> 5 | ... CW9: =IF(RIGHT(CW$4,LEN(CW$4)-1)*1>NumSamples,"",IF($A9<=SampleSize,OFFSET(Population!$A$4,RandomNumbers!CW6,0),"")) -> 4
A10: 6 | B10: =IF(RIGHT(B$4,LEN(B$4)-1)*1>NumSamples,"",IF($A10<=SampleSize,OFFSET(Population!$A$4,RandomNumbers!B7,0),"")) -> 4 | C10: =IF(RIGHT(C$4,LEN(C$4)-1)*1>NumSamples,"",IF($A10<=SampleSize,OFFSET(Population!$A$4,RandomNumbers!C7,0),"")) -> 4 | D10: =IF(RIGHT(D$4,LEN(D$4)-1)*1>NumSamples,"",IF($A10<=SampleSize,OFFSET(Population!$A$4,RandomNumbers!D7,0),"")) -> 6 | E10: =IF(RIGHT(E$4,LEN(E$4)-1)*1>NumSamples,"",IF($A10<=SampleSize,OFFSET(Population!$A$4,RandomNumbers!E7,0),"")) -> 5 | F10: =IF(RIGHT(F$4,LEN(F$4)-1)*1>NumSamples,"",IF($A10<=SampleSize,OFFSET(Population!$A$4,RandomNumbers!F7,0),"")) -> 7 | G10: =IF(RIGHT(G$4,LEN(G$4)-1)*1>NumSamples,"",IF($A10<=SampleSize,OFFSET(Population!$A$4,RandomNumbers!G7,0),"")) -> 6 | H10: =IF(RIGHT(H$4,LEN(H$4)-1)*1>NumSamples,"",IF($A10<=SampleSize,OFFSET(Population!$A$4,RandomNumbers!H7,0),"")) -> 5 | I10: =IF(RIGHT(I$4,LEN(I$4)-1)*1>NumSamples,"",IF($A10<=SampleSize,OFFSET(Population!$A$4,RandomNumbers!I7,0),"")) -> 4 | ... CW10: =IF(RIGHT(CW$4,LEN(CW$4)-1)*1>NumSamples,"",IF($A10<=SampleSize,OFFSET(Population!$A$4,RandomNumbers!CW7,0),"")) -> 3
A11: 7 | B11: =IF(RIGHT(B$4,LEN(B$4)-1)*1>NumSamples,"",IF($A11<=SampleSize,OFFSET(Population!$A$4,RandomNumbers!B8,0),"")) -> 3 | C11: =IF(RIGHT(C$4,LEN(C$4)-1)*1>NumSamples,"",IF($A11<=SampleSize,OFFSET(Population!$A$4,RandomNumbers!C8,0),"")) -> 7 | D11: =IF(RIGHT(D$4,LEN(D$4)-1)*1>NumSamples,"",IF($A11<=SampleSize,OFFSET(Population!$A$4,RandomNumbers!D8,0),"")) -> 5 | E11: =IF(RIGHT(E$4,LEN(E$4)-1)*1>NumSamples,"",IF($A11<=SampleSize,OFFSET(Population!$A$4,RandomNumbers!E8,0),"")) -> 6 | F11: =IF(RIGHT(F$4,LEN(F$4)-1)*1>NumSamples,"",IF($A11<=SampleSize,OFFSET(Population!$A$4,RandomNumbers!F8,0),"")) -> 4 | G11: =IF(RIGHT(G$4,LEN(G$4)-1)*1>NumSamples,"",IF($A11<=SampleSize,OFFSET(Population!$A$4,RandomNumbers!G8,0),"")) -> 6 | H11: =IF(RIGHT(H$4,LEN(H$4)-1)*1>NumSamples,"",IF($A11<=SampleSize,OFFSET(Population!$A$4,RandomNumbers!H8,0),"")) -> 4 | I11: =IF(RIGHT(I$4,LEN(I$4)-1)*1>NumSamples,"",IF($A11<=SampleSize,OFFSET(Population!$A$4,RandomNumbers!I8,0),"")) -> 5 | ... CW11: =IF(RIGHT(CW$4,LEN(CW$4)-1)*1>NumSamples,"",IF($A11<=SampleSize,OFFSET(Population!$A$4,RandomNumbers!CW8,0),"")) -> 4
A12: 8 | B12: =IF(RIGHT(B$4,LEN(B$4)-1)*1>NumSamples,"",IF($A12<=SampleSize,OFFSET(Population!$A$4,RandomNumbers!B9,0),"")) -> 5 | C12: =IF(RIGHT(C$4,LEN(C$4)-1)*1>NumSamples,"",IF($A12<=SampleSize,OFFSET(Population!$A$4,RandomNumbers!C9,0),"")) -> 5 | D12: =IF(RIGHT(D$4,LEN(D$4)-1)*1>NumSamples,"",IF($A12<=SampleSize,OFFSET(Population!$A$4,RandomNumbers!D9,0),"")) -> 4 | E12: =IF(RIGHT(E$4,LEN(E$4)-1)*1>NumSamples,"",IF($A12<=SampleSize,OFFSET(Population!$A$4,RandomNumbers!E9,0),"")) -> 4 | F12: =IF(RIGHT(F$4,LEN(F$4)-1)*1>NumSamples,"",IF($A12<=SampleSize,OFFSET(Population!$A$4,RandomNumbers!F9,0),"")) -> 5 | G12: =IF(RIGHT(G$4,LEN(G$4)-1)*1>NumSamples,"",IF($A12<=SampleSize,OFFSET(Population!$A$4,RandomNumbers!G9,0),"")) -> 6 | H12: =IF(RIGHT(H$4,LEN(H$4)-1)*1>NumSamples,"",IF($A12<=SampleSize,OFFSET(Population!$A$4,RandomNumbers!H9,0),"")) -> 5 | I12: =IF(RIGHT(I$4,LEN(I$4)-1)*1>NumSamples,"",IF($A12<=SampleSize,OFFSET(Population!$A$4,RandomNumbers!I9,0),"")) -> 5 | ... CW12: =IF(RIGHT(CW$4,LEN(CW$4)-1)*1>NumSamples,"",IF($A12<=SampleSize,OFFSET(Population!$A$4,RandomNumbers!CW9,0),"")) -> 2
A13: 9 | B13: =IF(RIGHT(B$4,LEN(B$4)-1)*1>NumSamples,"",IF($A13<=SampleSize,OFFSET(Population!$A$4,RandomNumbers!B10,0),"")) -> 8 | C13: =IF(RIGHT(C$4,LEN(C$4)-1)*1>NumSamples,"",IF($A13<=SampleSize,OFFSET(Population!$A$4,RandomNumbers!C10,0),"")) -> 8 | D13: =IF(RIGHT(D$4,LEN(D$4)-1)*1>NumSamples,"",IF($A13<=SampleSize,OFFSET(Population!$A$4,RandomNumbers!D10,0),"")) -> 5 | E13: =IF(RIGHT(E$4,LEN(E$4)-1)*1>NumSamples,"",IF($A13<=SampleSize,OFFSET(Population!$A$4,RandomNumbers!E10,0),"")) -> 5 | F13: =IF(RIGHT(F$4,LEN(F$4)-1)*1>NumSamples,"",IF($A13<=SampleSize,OFFSET(Population!$A$4,RandomNumbers!F10,0),"")) -> 7 | G13: =IF(RIGHT(G$4,LEN(G$4)-1)*1>NumSamples,"",IF($A13<=SampleSize,OFFSET(Population!$A$4,RandomNumbers!G10,0),"")) -> 5 | H13: =IF(RIGHT(H$4,LEN(H$4)-1)*1>NumSamples,"",IF($A13<=SampleSize,OFFSET(Population!$A$4,RandomNumbers!H10,0),"")) -> 4 | I13: =IF(RIGHT(I$4,LEN(I$4)-1)*1>NumSamples,"",IF($A13<=SampleSize,OFFSET(Population!$A$4,RandomNumbers!I10,0),"")) -> 5 | ... CW13: =IF(RIGHT(CW$4,LEN(CW$4)-1)*1>NumSamples,"",IF($A13<=SampleSize,OFFSET(Population!$A$4,RandomNumbers!CW10,0),"")) -> 7
A14: 10 | B14: =IF(RIGHT(B$4,LEN(B$4)-1)*1>NumSamples,"",IF($A14<=SampleSize,OFFSET(Population!$A$4,RandomNumbers!B11,0),"")) -> 5 | C14: =IF(RIGHT(C$4,LEN(C$4)-1)*1>NumSamples,"",IF($A14<=SampleSize,OFFSET(Population!$A$4,RandomNumbers!C11,0),"")) -> 3 | D14: =IF(RIGHT(D$4,LEN(D$4)-1)*1>NumSamples,"",IF($A14<=SampleSize,OFFSET(Population!$A$4,RandomNumbers!D11,0),"")) -> 2 | E14: =IF(RIGHT(E$4,LEN(E$4)-1)*1>NumSamples,"",IF($A14<=SampleSize,OFFSET(Population!$A$4,RandomNumbers!E11,0),"")) -> 7 | F14: =IF(RIGHT(F$4,LEN(F$4)-1)*1>NumSamples,"",IF($A14<=SampleSize,OFFSET(Population!$A$4,RandomNumbers!F11,0),"")) -> 2 | G14: =IF(RIGHT(G$4,LEN(G$4)-1)*1>NumSamples,"",IF($A14<=SampleSize,OFFSET(Population!$A$4,RandomNumbers!G11,0),"")) -> 5 | H14: =IF(RIGHT(H$4,LEN(H$4)-1)*1>NumSamples,"",IF($A14<=SampleSize,OFFSET(Population!$A$4,RandomNumbers!H11,0),"")) -> 6 | I14: =IF(RIGHT(I$4,LEN(I$4)-1)*1>NumSamples,"",IF($A14<=SampleSize,OFFSET(Population!$A$4,RandomNumbers!I11,0),"")) -> 8 | ... CW14: =IF(RIGHT(CW$4,LEN(CW$4)-1)*1>NumSamples,"",IF($A14<=SampleSize,OFFSET(Population!$A$4,RandomNumbers!CW11,0),"")) -> 5
A15: 11 | B15: =IF(RIGHT(B$4,LEN(B$4)-1)*1>NumSamples,"",IF($A15<=SampleSize,OFFSET(Population!$A$4,RandomNumbers!B12,0),"")) | C15: =IF(RIGHT(C$4,LEN(C$4)-1)*1>NumSamples,"",IF($A15<=SampleSize,OFFSET(Population!$A$4,RandomNumbers!C12,0),"")) | D15: =IF(RIGHT(D$4,LEN(D$4)-1)*1>NumSamples,"",IF($A15<=SampleSize,OFFSET(Population!$A$4,RandomNumbers!D12,0),"")) | E15: =IF(RIGHT(E$4,LEN(E$4)-1)*1>NumSamples,"",IF($A15<=SampleSize,OFFSET(Population!$A$4,RandomNumbers!E12,0),"")) | F15: =IF(RIGHT(F$4,LEN(F$4)-1)*1>NumSamples,"",IF($A15<=SampleSize,OFFSET(Population!$A$4,RandomNumbers!F12,0),"")) | G15: =IF(RIGHT(G$4,LEN(G$4)-1)*1>NumSamples,"",IF($A15<=SampleSize,OFFSET(Population!$A$4,RandomNumbers!G12,0),"")) | H15: =IF(RIGHT(H$4,LEN(H$4)-1)*1>NumSamples,"",IF($A15<=SampleSize,OFFSET(Population!$A$4,RandomNumbers!H12,0),"")) | I15: =IF(RIGHT(I$4,LEN(I$4)-1)*1>NumSamples,"",IF($A15<=SampleSize,OFFSET(Population!$A$4,RandomNumbers!I12,0),"")) | ... CW15: =IF(RIGHT(CW$4,LEN(CW$4)-1)*1>NumSamples,"",IF($A15<=SampleSize,OFFSET(Population!$A$4,RandomNumbers!CW12,0),""))
A16: 12 | B16: =IF(RIGHT(B$4,LEN(B$4)-1)*1>NumSamples,"",IF($A16<=SampleSize,OFFSET(Population!$A$4,RandomNumbers!B13,0),"")) | C16: =IF(RIGHT(C$4,LEN(C$4)-1)*1>NumSamples,"",IF($A16<=SampleSize,OFFSET(Population!$A$4,RandomNumbers!C13,0),"")) | D16: =IF(RIGHT(D$4,LEN(D$4)-1)*1>NumSamples,"",IF($A16<=SampleSize,OFFSET(Population!$A$4,RandomNumbers!D13,0),"")) | E16: =IF(RIGHT(E$4,LEN(E$4)-1)*1>NumSamples,"",IF($A16<=SampleSize,OFFSET(Population!$A$4,RandomNumbers!E13,0),"")) | F16: =IF(RIGHT(F$4,LEN(F$4)-1)*1>NumSamples,"",IF($A16<=SampleSize,OFFSET(Population!$A$4,RandomNumbers!F13,0),"")) | G16: =IF(RIGHT(G$4,LEN(G$4)-1)*1>NumSamples,"",IF($A16<=SampleSize,OFFSET(Population!$A$4,RandomNumbers!G13,0),"")) | H16: =IF(RIGHT(H$4,LEN(H$4)-1)*1>NumSamples,"",IF($A16<=SampleSize,OFFSET(Population!$A$4,RandomNumbers!H13,0),"")) | I16: =IF(RIGHT(I$4,LEN(I$4)-1)*1>NumSamples,"",IF($A16<=SampleSize,OFFSET(Population!$A$4,RandomNumbers!I13,0),"")) | ... CW16: =IF(RIGHT(CW$4,LEN(CW$4)-1)*1>NumSamples,"",IF($A16<=SampleSize,OFFSET(Population!$A$4,RandomNumbers!CW13,0),""))
... A1004: 1000 | B1004: =IF(RIGHT(B$4,LEN(B$4)-1)*1>NumSamples,"",IF($A1004<=SampleSize,OFFSET(Population!$A$4,RandomNumbers!B1001,0),"")) | C1004: =IF(RIGHT(C$4,LEN(C$4)-1)*1>NumSamples,"",IF($A1004<=SampleSize,OFFSET(Population!$A$4,RandomNumbers!C1001,0),"")) | D1004: =IF(RIGHT(D$4,LEN(D$4)-1)*1>NumSamples,"",IF($A1004<=SampleSize,OFFSET(Population!$A$4,RandomNumbers!D1001,0),"")) | E1004: =IF(RIGHT(E$4,LEN(E$4)-1)*1>NumSamples,"",IF($A1004<=SampleSize,OFFSET(Population!$A$4,RandomNumbers!E1001,0),"")) | F1004: =IF(RIGHT(F$4,LEN(F$4)-1)*1>NumSamples,"",IF($A1004<=SampleSize,OFFSET(Population!$A$4,RandomNumbers!F1001,0),"")) | G1004: =IF(RIGHT(G$4,LEN(G$4)-1)*1>NumSamples,"",IF($A1004<=SampleSize,OFFSET(Population!$A$4,RandomNumbers!G1001,0),"")) | H1004: =IF(RIGHT(H$4,LEN(H$4)-1)*1>NumSamples,"",IF($A1004<=SampleSize,OFFSET(Population!$A$4,RandomNumbers!H1001,0),"")) | I1004: =IF(RIGHT(I$4,LEN(I$4)-1)*1>NumSamples,"",IF($A1004<=SampleSize,OFFSET(Population!$A$4,RandomNumbers!I1001,0),"")) | ... CW1004: =IF(RIGHT(CW$4,LEN(CW$4)-1)*1>NumSamples,"",IF($A1004<=SampleSize,OFFSET(Population!$A$4,RandomNumbers!CW1001,0),""))
A1006: Sample Number | B1006: =IF(RIGHT(B$4,LEN(B$4)-1)*1>NumSamples,"",RIGHT(B$4,LEN(B$4)-1)*1) -> 1 | C1006: =IF(RIGHT(C$4,LEN(C$4)-1)*1>NumSamples,"",RIGHT(C$4,LEN(C$4)-1)*1) -> 2 | D1006: =IF(RIGHT(D$4,LEN(D$4)-1)*1>NumSamples,"",RIGHT(D$4,LEN(D$4)-1)*1) -> 3 | E1006: =IF(RIGHT(E$4,LEN(E$4)-1)*1>NumSamples,"",RIGHT(E$4,LEN(E$4)-1)*1) -> 4 | F1006: =IF(RIGHT(F$4,LEN(F$4)-1)*1>NumSamples,"",RIGHT(F$4,LEN(F$4)-1)*1) -> 5 | G1006: =IF(RIGHT(G$4,LEN(G$4)-1)*1>NumSamples,"",RIGHT(G$4,LEN(G$4)-1)*1) -> 6 | H1006: =IF(RIGHT(H$4,LEN(H$4)-1)*1>NumSamples,"",RIGHT(H$4,LEN(H$4)-1)*1) -> 7 | I1006: =IF(RIGHT(I$4,LEN(I$4)-1)*1>NumSamples,"",RIGHT(I$4,LEN(I$4)-1)*1) -> 8 | ... CW1006: =IF(RIGHT(CW$4,LEN(CW$4)-1)*1>NumSamples,"",RIGHT(CW$4,LEN(CW$4)-1)*1) -> 100
A1007: Sample Mean | B1007: =IFERROR(AVERAGE(B5:B1004),"") -> 4.7 | C1007: =IFERROR(AVERAGE(C5:C1004),"") -> 5.5 | D1007: =IFERROR(AVERAGE(D5:D1004),"") -> 4.4 | E1007: =IFERROR(AVERAGE(E5:E1004),"") -> 4.7 | F1007: =IFERROR(AVERAGE(F5:F1004),"") -> 5 | G1007: =IFERROR(AVERAGE(G5:G1004),"") -> 5.2 | H1007: =IFERROR(AVERAGE(H5:H1004),"") -> 4.9 | I1007: =IFERROR(AVERAGE(I5:I1004),"") -> 5.4 | ... CW1007: =IFERROR(AVERAGE(CW5:CW1004),"") -> 4.3
A1008: Sample SD | B1008: =IFERROR(STDEV(B5:B1004),"") -> 1.4944341 | C1008: =IFERROR(STDEV(C5:C1004),"") -> 1.779513 | D1008: =IFERROR(STDEV(D5:D1004),"") -> 1.1737878 | E1008: =IFERROR(STDEV(E5:E1004),"") -> 1.7669811 | F1008: =IFERROR(STDEV(F5:F1004),"") -> 1.6329932 | G1008: =IFERROR(STDEV(G5:G1004),"") -> 1.0327956 | H1008: =IFERROR(STDEV(H5:H1004),"") -> 1.1005049 | I1008: =IFERROR(STDEV(I5:I1004),"") -> 1.4298407 | ... CW1008: =IFERROR(STDEV(CW5:CW1004),"") -> 1.4944341
A1009: Sample Size | B1009: =SampleSize -> 10 | C1009: =SampleSize -> 10 | D1009: =SampleSize -> 10 | E1009: =SampleSize -> 10 | F1009: =SampleSize -> 10 | G1009: =SampleSize -> 10 | H1009: =SampleSize -> 10 | I1009: =SampleSize -> 10 | ... CW1009: =SampleSize -> 10
A1010: Confidence | B1010: =Confidence -> 0.95 | C1010: =Confidence -> 0.95 | D1010: =Confidence -> 0.95 | E1010: =Confidence -> 0.95 | F1010: =Confidence -> 0.95 | G1010: =Confidence -> 0.95 | H1010: =Confidence -> 0.95 | I1010: =Confidence -> 0.95 | ... CW1010: =Confidence -> 0.95
A1011: Alpha | B1011: =1-B1010 -> 0.05 | C1011: =1-C1010 -> 0.05 | D1011: =1-D1010 -> 0.05 | E1011: =1-E1010 -> 0.05 | F1011: =1-F1010 -> 0.05 | G1011: =1-G1010 -> 0.05 | H1011: =1-H1010 -> 0.05 | I1011: =1-I1010 -> 0.05 | ... CW1011: =1-CW1010 -> 0.05
A1012: Degrees of Freedom | B1012: =SampleSize-1 -> 9 | C1012: =SampleSize-1 -> 9 | D1012: =SampleSize-1 -> 9 | E1012: =SampleSize-1 -> 9 | F1012: =SampleSize-1 -> 9 | G1012: =SampleSize-1 -> 9 | H1012: =SampleSize-1 -> 9 | I1012: =SampleSize-1 -> 9 | ... CW1012: =SampleSize-1 -> 9
A1013: t value | B1013: =tvalue -> #NAME? | C1013: =tvalue -> #NAME? | D1013: =tvalue -> #NAME? | E1013: =tvalue -> #NAME? | F1013: =tvalue -> #NAME? | G1013: =tvalue -> #NAME? | H1013: =tvalue -> #NAME? | I1013: =tvalue -> #NAME? | ... CW1013: =tvalue -> #NAME?
A1014: Lower Confidence | B1014: =IF(AND(Distribution="Normal",B1007<>""),B1007+tvalue*(B1008/SQRT(SampleSize)),"") | C1014: =IF(AND(Distribution="Normal",C1007<>""),C1007+tvalue*(C1008/SQRT(SampleSize)),"") | D1014: =IF(AND(Distribution="Normal",D1007<>""),D1007+tvalue*(D1008/SQRT(SampleSize)),"") | E1014: =IF(AND(Distribution="Normal",E1007<>""),E1007+tvalue*(E1008/SQRT(SampleSize)),"") | F1014: =IF(AND(Distribution="Normal",F1007<>""),F1007+tvalue*(F1008/SQRT(SampleSize)),"") | G1014: =IF(AND(Distribution="Normal",G1007<>""),G1007+tvalue*(G1008/SQRT(SampleSize)),"") | H1014: =IF(AND(Distribution="Normal",H1007<>""),H1007+tvalue*(H1008/SQRT(SampleSize)),"") | I1014: =IF(AND(Distribution="Normal",I1007<>""),I1007+tvalue*(I1008/SQRT(SampleSize)),"") | ... CW1014: =IF(AND(Distribution="Normal",CW1007<>""),CW1007+tvalue*(CW1008/SQRT(SampleSize)),"")
A1015: Upper Confidence | B1015: =IF(AND(Distribution="Normal",B1007<>""),B1007-tvalue*(B1008/SQRT(SampleSize)),"") | C1015: =IF(AND(Distribution="Normal",C1007<>""),C1007-tvalue*(C1008/SQRT(SampleSize)),"") | D1015: =IF(AND(Distribution="Normal",D1007<>""),D1007-tvalue*(D1008/SQRT(SampleSize)),"") | E1015: =IF(AND(Distribution="Normal",E1007<>""),E1007-tvalue*(E1008/SQRT(SampleSize)),"") | F1015: =IF(AND(Distribution="Normal",F1007<>""),F1007-tvalue*(F1008/SQRT(SampleSize)),"") | G1015: =IF(AND(Distribution="Normal",G1007<>""),G1007-tvalue*(G1008/SQRT(SampleSize)),"") | H1015: =IF(AND(Distribution="Normal",H1007<>""),H1007-tvalue*(H1008/SQRT(SampleSize)),"") | I1015: =IF(AND(Distribution="Normal",I1007<>""),I1007-tvalue*(I1008/SQRT(SampleSize)),"") | ... CW1015: =IF(AND(Distribution="Normal",CW1007<>""),CW1007-tvalue*(CW1008/SQRT(SampleSize)),"")
A1016: Upper Margin | B1016: =B1014-B1007 -> -4.7 | C1016: =C1014-C1007 -> -5.5 | D1016: =D1014-D1007 -> -4.4 | E1016: =E1014-E1007 -> -4.7 | F1016: =F1014-F1007 -> -5 | G1016: =G1014-G1007 -> -5.2 | H1016: =H1014-H1007 -> -4.9 | I1016: =I1014-I1007 -> -5.4 | ... CW1016: =CW1014-CW1007 -> -4.3
A1017: Lower Margin | B1017: =B1007-B1015 -> 4.7 | C1017: =C1007-C1015 -> 5.5 | D1017: =D1007-D1015 -> 4.4 | E1017: =E1007-E1015 -> 4.7 | F1017: =F1007-F1015 -> 5 | G1017: =G1007-G1015 -> 5.2 | H1017: =H1007-H1015 -> 4.9 | I1017: =I1007-I1015 -> 5.4 | ... CW1017: =CW1007-CW1015 -> 4.3
A1019: Captures Pop Mean | B1019: =IF(AND(B1014>=PopulationMean,B1015<=PopulationMean),B1007,NA()) -> #N/A | C1019: =IF(AND(C1014>=PopulationMean,C1015<=PopulationMean),C1007,NA()) -> #N/A | D1019: =IF(AND(D1014>=PopulationMean,D1015<=PopulationMean),D1007,NA()) -> #N/A | E1019: =IF(AND(E1014>=PopulationMean,E1015<=PopulationMean),E1007,NA()) -> #N/A | F1019: =IF(AND(F1014>=PopulationMean,F1015<=PopulationMean),F1007,NA()) -> #N/A | G1019: =IF(AND(G1014>=PopulationMean,G1015<=PopulationMean),G1007,NA()) -> #N/A | H1019: =IF(AND(H1014>=PopulationMean,H1015<=PopulationMean),H1007,NA()) -> #N/A | I1019: =IF(AND(I1014>=PopulationMean,I1015<=PopulationMean),I1007,NA()) -> #N/A | ... CW1019: =IF(AND(CW1014>=PopulationMean,CW1015<=PopulationMean),CW1007,NA()) -> #N/A
A1020: Does not Capture Pop Mean | B1020: =IF(AND(B1014>=PopulationMean,B1015<=PopulationMean),NA(),B1007) -> 4.7 | C1020: =IF(AND(C1014>=PopulationMean,C1015<=PopulationMean),NA(),C1007) -> 5.5 | D1020: =IF(AND(D1014>=PopulationMean,D1015<=PopulationMean),NA(),D1007) -> 4.4 | E1020: =IF(AND(E1014>=PopulationMean,E1015<=PopulationMean),NA(),E1007) -> 4.7 | F1020: =IF(AND(F1014>=PopulationMean,F1015<=PopulationMean),NA(),F1007) -> 5 | G1020: =IF(AND(G1014>=PopulationMean,G1015<=PopulationMean),NA(),G1007) -> 5.2 | H1020: =IF(AND(H1014>=PopulationMean,H1015<=PopulationMean),NA(),H1007) -> 4.9 | I1020: =IF(AND(I1014>=PopulationMean,I1015<=PopulationMean),NA(),I1007) -> 5.4 | ... CW1020: =IF(AND(CW1014>=PopulationMean,CW1015<=PopulationMean),NA(),CW1007) -> 4.3
A1021: Parent | B1021: =PopulationMean -> 5.002
A1022: Value | B1022: 0
A1023: Negative Error Line | B1023: 0

Sheet RandomNumbers
B1: S1 | C1: S2 | D1: S3 | E1: S4 | F1: S5 | G1: S6 | H1: S7 | I1: S8 | J1: S9 | K1: S10 | L1: S11 | M1: S12 | N1: S13 | O1: S14 | P1: S15 | Q1: S16 | R1: S17 | S1: S18 | T1: S19 | U1: S20 | V1: S21 | W1: S22 | X1: S23 | Y1: S24 | Z1: S25 | AA1: S26 | AB1: S27 | AC1: S28 | AD1: S29 | AE1: S30 | AF1: S31 | AG1: S32 | AH1: S33 | AI1: S34 | AJ1: S35 | AK1: S36 | AL1: S37 | AM1: S38 | AN1: S39 | AO1: S40 | AP1: S41 | AQ1: S42 | AR1: S43 | AS1: S44 | AT1: S45 | AU1: S46 | AV1: S47 | AW1: S48 | AX1: S49 | AY1: S50 | AZ1: S51 | BA1: S52 | BB1: S53 | BC1: S54 | BD1: S55 | BE1: S56 | BF1: S57 | BG1: S58 | BH1: S59 | BI1: S60 | BJ1: S61 | BK1: S62 | BL1: S63 | BM1: S64 | BN1: S65 | BO1: S66 | BP1: S67 | BQ1: S68 | BR1: S69 | BS1: S70 | BT1: S71 | BU1: S72 | BV1: S73 | BW1: S74 | BX1: S75 | BY1: S76 | BZ1: S77 | CA1: S78 | CB1: S79 | CC1: S80 | CD1: S81 | CE1: S82 | CF1: S83 | CG1: S84 | CH1: S85 | CI1: S86 | CJ1: S87 | CK1: S88 | CL1: S89 | CM1: S90 | CN1: S91 | CO1: S92 | CP1: S93 | CQ1: S94 | CR1: S95 | CS1: S96 | CT1: S97 | CU1: S98 | CV1: S99 | CW1: S100
A2: 1 | B2: 285 | C2: 480 | D2: 768 | E2: 825 | F2: 204 | G2: 142 | H2: 599 | I2: 828 | J2: 999 | K2: 393 | L2: 726 | M2: 884 | N2: 652 | O2: 951 | P2: 181 | Q2: 873 | R2: 74 | S2: 324 | T2: 14 | U2: 977 | V2: 838 | W2: 82 | X2: 774 | Y2: 684 | Z2: 443 | AA2: 308 | AB2: 651 | AC2: 405 | AD2: 594 | AE2: 390 | AF2: 789 | AG2: 479 | AH2: 494 | AI2: 989 | AJ2: 123 | AK2: 693 | AL2: 601 | AM2: 588 | AN2: 784 | AO2: 983 | AP2: 514 | AQ2: 191 | AR2: 453 | AS2: 27 | AT2: 911 | AU2: 913 | AV2: 117 | AW2: 119 | AX2: 310 | AY2: 820 | AZ2: 670 | BA2: 47 | BB2: 347 | BC2: 573 | BD2: 517 | BE2: 859 | BF2: 470 | BG2: 709 | BH2: 344 | BI2: 1000 | BJ2: 683 | BK2: 548 | BL2: 542 | BM2: 82 | BN2: 674 | BO2: 441 | BP2: 290 | BQ2: 406 | BR2: 563 | BS2: 913 | BT2: 529 | BU2: 448 | BV2: 952 | BW2: 702 | BX2: 909 | BY2: 638 | BZ2: 139 | CA2: 948 | CB2: 861 | CC2: 934 | CD2: 53 | CE2: 549 | CF2: 884 | CG2: 852 | CH2: 898 | CI2: 715 | CJ2: 327 | CK2: 462 | CL2: 124 | CM2: 385 | CN2: 853 | CO2: 301 | CP2: 221 | CQ2: 358 | CR2: 634 | CS2: 286 | CT2: 376 | CU2: 961 | CV2: 185 | CW2: 695
A3: 2 | B3: 781 | C3: 397 | D3: 433 | E3: 101 | F3: 656 | G3: 512 | H3: 331 | I3: 306 | J3: 509 | K3: 674 | L3: 918 | M3: 669 | N3: 284 | O3: 849 | P3: 961 | Q3: 351 | R3: 790 | S3: 159 | T3: 69 | U3: 412 | V3: 546 | W3: 32 | X3: 859 | Y3: 566 | Z3: 445 | AA3: 925 | AB3: 632 | AC3: 180 | AD3: 945 | AE3: 747 | AF3: 5 | AG3: 303 | AH3: 446 | AI3: 108 | AJ3: 867 | AK3: 557 | AL3: 103 | AM3: 888 | AN3: 108 | AO3: 537 | AP3: 869 | AQ3: 338 | AR3: 229 | AS3: 173 | AT3: 112 | AU3: 920 | AV3: 404 | AW3: 788 | AX3: 808 | AY3: 950 | AZ3: 638 | BA3: 22 | BB3: 291 | BC3: 276 | BD3: 300 | BE3: 17 | BF3: 941 | BG3: 701 | BH3: 563 | BI3: 483 | BJ3: 592 | BK3: 895 | BL3: 697 | BM3: 236 | BN3: 885 | BO3: 112 | BP3: 580 | BQ3: 430 | BR3: 999 | BS3: 309 | BT3: 649 | BU3: 692 | BV3: 112 | BW3: 597 | BX3: 991 | BY3: 486 | BZ3: 710 | CA3: 949 | CB3: 851 | CC3: 348 | CD3: 588 | CE3: 459 | CF3: 594 | CG3: 310 | CH3: 147 | CI3: 61 | CJ3: 547 | CK3: 206 | CL3: 961 | CM3: 213 | CN3: 96 | CO3: 950 | CP3: 728 | CQ3: 993 | CR3: 469 | CS3: 342 | CT3: 409 | CU3: 30 | CV3: 218 | CW3: 936
A4: 3 | B4: 492 | C4: 578 | D4: 957 | E4: 169 | F4: 783 | G4: 782 | H4: 508 | I4: 302 | J4: 222 | K4: 14 | L4: 785 | M4: 465 | N4: 631 | O4: 109 | P4: 725 | Q4: 863 | R4: 626 | S4: 162 | T4: 779 | U4: 174 | V4: 970 | W4: 68 | X4: 27 | Y4: 973 | Z4: 545 | AA4: 213 | AB4: 262 | AC4: 747 | AD4: 668 | AE4: 993 | AF4: 134 | AG4: 63 | AH4: 984 | AI4: 377 | AJ4: 711 | AK4: 963 | AL4: 680 | AM4: 707 | AN4: 60 | AO4: 190 | AP4: 710 | AQ4: 722 | AR4: 418 | AS4: 212 | AT4: 500 | AU4: 876 | AV4: 212 | AW4: 140 | AX4: 602 | AY4: 154 | AZ4: 985 | BA4: 776 | BB4: 710 | BC4: 774 | BD4: 821 | BE4: 472 | BF4: 45 | BG4: 583 | BH4: 173 | BI4: 46 | BJ4: 690 | BK4: 142 | BL4: 332 | BM4: 668 | BN4: 520 | BO4: 303 | BP4: 626 | BQ4: 289 | BR4: 544 | BS4: 690 | BT4: 225 | BU4: 797 | BV4: 715 | BW4: 581 | BX4: 476 | BY4: 157 | BZ4: 434 | CA4: 390 | CB4: 616 | CC4: 631 | CD4: 450 | CE4: 191 | CF4: 803 | CG4: 455 | CH4: 802 | CI4: 425 | CJ4: 877 | CK4: 305 | CL4: 188 | CM4: 560 | CN4: 287 | CO4: 133 | CP4: 311 | CQ4: 81 | CR4: 402 | CS4: 606 | CT4: 484 | CU4: 40 | CV4: 702 | CW4: 228
A5: 4 | B5: 505 | C5: 934 | D5: 308 | E5: 789 | F5: 947 | G5: 38 | H5: 736 | I5: 887 | J5: 722 | K5: 633 | L5: 97 | M5: 727 | N5: 514 | O5: 632 | P5: 241 | Q5: 546 | R5: 123 | S5: 895 | T5: 737 | U5: 398 | V5: 393 | W5: 422 | X5: 724 | Y5: 925 | Z5: 558 | AA5: 223 | AB5: 35 | AC5: 53 | AD5: 164 | AE5: 873 | AF5: 663 | AG5: 396 | AH5: 167 | AI5: 792 | AJ5: 870 | AK5: 863 | AL5: 791 | AM5: 78 | AN5: 52 | AO5: 164 | AP5: 256 | AQ5: 551 | AR5: 287 | AS5: 681 | AT5: 346 | AU5: 442 | AV5: 473 | AW5: 81 | AX5: 52 | AY5: 642 | AZ5: 432 | BA5: 792 | BB5: 783 | BC5: 611 | BD5: 81 | BE5: 459 | BF5: 478 | BG5: 17 | BH5: 179 | BI5: 21 | BJ5: 360 | BK5: 283 | BL5: 866 | BM5: 639 | BN5: 995 | BO5: 492 | BP5: 715 | BQ5: 181 | BR5: 413 | BS5: 690 | BT5: 600 | BU5: 503 | BV5: 155 | BW5: 924 | BX5: 144 | BY5: 705 | BZ5: 694 | CA5: 76 | CB5: 372 | CC5: 334 | CD5: 322 | CE5: 579 | CF5: 688 | CG5: 381 | CH5: 187 | CI5: 841 | CJ5: 421 | CK5: 641 | CL5: 99 | CM5: 638 | CN5: 792 | CO5: 215 | CP5: 415 | CQ5: 315 | CR5: 278 | CS5: 518 | CT5: 269 | CU5: 322 | CV5: 99 | CW5: 994
A6: 5 | B6: 558 | C6: 670 | D6: 80 | E6: 955 | F6: 654 | G6: 175 | H6: 455 | I6: 287 | J6: 306 | K6: 882 | L6: 826 | M6: 980 | N6: 249 | O6: 534 | P6: 525 | Q6: 63 | R6: 998 | S6: 269 | T6: 676 | U6: 190 | V6: 444 | W6: 415 | X6: 915 | Y6: 301 | Z6: 518 | AA6: 119 | AB6: 558 | AC6: 950 | AD6: 250 | AE6: 169 | AF6: 980 | AG6: 516 | AH6: 802 | AI6: 857 | AJ6: 127 | AK6: 116 | AL6: 63 | AM6: 110 | AN6: 188 | AO6: 761 | AP6: 856 | AQ6: 927 | AR6: 73 | AS6: 491 | AT6: 344 | AU6: 491 | AV6: 242 | AW6: 74 | AX6: 404 | AY6: 495 | AZ6: 790 | BA6: 380 | BB6: 838 | BC6: 831 | BD6: 687 | BE6: 699 | BF6: 50 | BG6: 681 | BH6: 514 | BI6: 784 | BJ6: 865 | BK6: 937 | BL6: 996 | BM6: 215 | BN6: 558 | BO6: 483 | BP6: 238 | BQ6: 353 | BR6: 277 | BS6: 452 | BT6: 129 | BU6: 39 | BV6: 392 | BW6: 649 | BX6: 87 | BY6: 109 | BZ6: 613 | CA6: 215 | CB6: 219 | CC6: 57 | CD6: 844 | CE6: 867 | CF6: 88 | CG6: 909 | CH6: 523 | CI6: 444 | CJ6: 941 | CK6: 744 | CL6: 361 | CM6: 329 | CN6: 775 | CO6: 526 | CP6: 876 | CQ6: 365 | CR6: 184 | CS6: 589 | CT6: 964 | CU6: 562 | CV6: 732 | CW6: 833
A7: 6 | B7: 463 | C7: 714 | D7: 840 | E7: 750 | F7: 164 | G7: 835 | H7: 93 | I7: 445 | J7: 803 | K7: 443 | L7: 715 | M7: 321 | N7: 575 | O7: 856 | P7: 263 | Q7: 86 | R7: 189 | S7: 96 | T7: 788 | U7: 314 | V7: 409 | W7: 484 | X7: 989 | Y7: 645 | Z7: 374 | AA7: 484 | AB7: 727 | AC7: 196 | AD7: 433 | AE7: 342 | AF7: 598 | AG7: 191 | AH7: 948 | AI7: 965 | AJ7: 569 | AK7: 402 | AL7: 864 | AM7: 4 | AN7: 90 | AO7: 487 | AP7: 397 | AQ7: 708 | AR7: 486 | AS7: 692 | AT7: 881 | AU7: 118 | AV7: 395 | AW7: 240 | AX7: 697 | AY7: 586 | AZ7: 194 | BA7: 17 | BB7: 347 | BC7: 173 | BD7: 227 | BE7: 143 | BF7: 966 | BG7: 881 | BH7: 828 | BI7: 151 | BJ7: 497 | BK7: 972 | BL7: 197 | BM7: 337 | BN7: 350 | BO7: 994 | BP7: 120 | BQ7: 639 | BR7: 536 | BS7: 738 | BT7: 385 | BU7: 584 | BV7: 892 | BW7: 449 | BX7: 181 | BY7: 190 | BZ7: 66 | CA7: 502 | CB7: 371 | CC7: 844 | CD7: 309 | CE7: 492 | CF7: 607 | CG7: 528 | CH7: 351 | CI7: 263 | CJ7: 31 | CK7: 428 | CL7: 832 | CM7: 277 | CN7: 510 | CO7: 740 | CP7: 501 | CQ7: 638 | CR7: 108 | CS7: 551 | CT7: 753 | CU7: 413 | CV7: 512 | CW7: 798
A8: 7 | B8: 175 | C8: 529 | D8: 815 | E8: 79 | F8: 80 | G8: 256 | H8: 844 | I8: 332 | J8: 917 | K8: 432 | L8: 519 | M8: 835 | N8: 323 | O8: 266 | P8: 793 | Q8: 848 | R8: 880 | S8: 648 | T8: 474 | U8: 661 | V8: 437 | W8: 252 | X8: 679 | Y8: 807 | Z8: 306 | AA8: 570 | AB8: 240 | AC8: 722 | AD8: 642 | AE8: 340 | AF8: 253 | AG8: 155 | AH8: 956 | AI8: 956 | AJ8: 939 | AK8: 777 | AL8: 244 | AM8: 170 | AN8: 178 | AO8: 168 | AP8: 96 | AQ8: 794 | AR8: 22 | AS8: 436 | AT8: 60 | AU8: 864 | AV8: 537 | AW8: 563 | AX8: 373 | AY8: 531 | AZ8: 311 | BA8: 821 | BB8: 428 | BC8: 330 | BD8: 662 | BE8: 513 | BF8: 839 | BG8: 143 | BH8: 722 | BI8: 220 | BJ8: 631 | BK8: 24 | BL8: 568 | BM8: 502 | BN8: 3 | BO8: 621 | BP8: 497 | BQ8: 579 | BR8: 639 | BS8: 431 | BT8: 521 | BU8: 882 | BV8: 714 | BW8: 402 | BX8: 899 | BY8: 280 | BZ8: 530 | CA8: 895 | CB8: 765 | CC8: 271 | CD8: 610 | CE8: 251 | CF8: 427 | CG8: 540 | CH8: 839 | CI8: 626 | CJ8: 418 | CK8: 222 | CL8: 336 | CM8: 191 | CN8: 918 | CO8: 828 | CP8: 851 | CQ8: 816 | CR8: 596 | CS8: 757 | CT8: 840 | CU8: 450 | CV8: 77 | CW8: 55
A9: 8 | B9: 975 | C9: 350 | D9: 524 | E9: 751 | F9: 655 | G9: 291 | H9: 615 | I9: 414 | J9: 790 | K9: 4 | L9: 403 | M9: 644 | N9: 293 | O9: 528 | P9: 10 | Q9: 762 | R9: 768 | S9: 231 | T9: 552 | U9: 216 | V9: 284 | W9: 473 | X9: 719 | Y9: 458 | Z9: 926 | AA9: 621 | AB9: 923 | AC9: 305 | AD9: 251 | AE9: 742 | AF9: 815 | AG9: 565 | AH9: 624 | AI9: 24 | AJ9: 406 | AK9: 777 | AL9: 47 | AM9: 535 | AN9: 131 | AO9: 16 | AP9: 914 | AQ9: 502 | AR9: 962 | AS9: 262 | AT9: 963 | AU9: 889 | AV9: 173 | AW9: 774 | AX9: 116 | AY9: 338 | AZ9: 803 | BA9: 292 | BB9: 383 | BC9: 466 | BD9: 807 | BE9: 13 | BF9: 420 | BG9: 678 | BH9: 338 | BI9: 224 | BJ9: 319 | BK9: 862 | BL9: 966 | BM9: 402 | BN9: 78 | BO9: 866 | BP9: 837 | BQ9: 29 | BR9: 939 | BS9: 403 | BT9: 779 | BU9: 988 | BV9: 143 | BW9: 518 | BX9: 961 | BY9: 88 | BZ9: 375 | CA9: 341 | CB9: 832 | CC9: 685 | CD9: 711 | CE9: 757 | CF9: 247 | CG9: 720 | CH9: 938 | CI9: 841 | CJ9: 73 | CK9: 800 | CL9: 78 | CM9: 134 | CN9: 512 | CO9: 840 | CP9: 274 | CQ9: 539 | CR9: 76 | CS9: 724 | CT9: 917 | CU9: 346 | CV9: 433 | CW9: 101
A10: 9 | B10: 555 | C10: 306 | D10: 464 | E10: 35 | F10: 197 | G10: 35 | H10: 757 | I10: 617 | J10: 580 | K10: 18 | L10: 184 | M10: 834 | N10: 398 | O10: 582 | P10: 981 | Q10: 946 | R10: 703 | S10: 249 | T10: 527 | U10: 725 | V10: 583 | W10: 748 | X10: 7 | Y10: 204 | Z10: 267 | AA10: 207 | AB10: 508 | AC10: 567 | AD10: 356 | AE10: 459 | AF10: 296 | AG10: 503 | AH10: 963 | AI10: 738 | AJ10: 787 | AK10: 260 | AL10: 275 | AM10: 793 | AN10: 904 | AO10: 417 | AP10: 335 | AQ10: 935 | AR10: 379 | AS10: 119 | AT10: 206 | AU10: 214 | AV10: 847 | AW10: 696 | AX10: 515 | AY10: 408 | AZ10: 311 | BA10: 440 | BB10: 232 | BC10: 205 | BD10: 580 | BE10: 433 | BF10: 410 | BG10: 965 | BH10: 270 | BI10: 510 | BJ10: 286 | BK10: 622 | BL10: 194 | BM10: 398 | BN10: 387 | BO10: 392 | BP10: 238 | BQ10: 582 | BR10: 341 | BS10: 509 | BT10: 211 | BU10: 640 | BV10: 131 | BW10: 354 | BX10: 970 | BY10: 233 | BZ10: 906 | CA10: 193 | CB10: 853 | CC10: 102 | CD10: 399 | CE10: 443 | CF10: 43 | CG10: 833 | CH10: 800 | CI10: 750 | CJ10: 566 | CK10: 32 | CL10: 6 | CM10: 603 | CN10: 955 | CO10: 784 | CP10: 848 | CQ10: 648 | CR10: 747 | CS10: 368 | CT10: 556 | CU10: 6 | CV10: 231 | CW10: 979
A11: 10 | B11: 750 | C11: 321 | D11: 244 | E11: 62 | F11: 48 | G11: 332 | H11: 481 | I11: 420 | J11: 622 | K11: 712 | L11: 5 | M11: 640 | N11: 236 | O11: 221 | P11: 258 | Q11: 819 | R11: 628 | S11: 385 | T11: 121 | U11: 762 | V11: 815 | W11: 159 | X11: 772 | Y11: 717 | Z11: 842 | AA11: 100 | AB11: 746 | AC11: 417 | AD11: 322 | AE11: 843 | AF11: 3 | AG11: 149 | AH11: 646 | AI11: 915 | AJ11: 899 | AK11: 549 | AL11: 488 | AM11: 169 | AN11: 584 | AO11: 276 | AP11: 501 | AQ11: 201 | AR11: 269 | AS11: 71 | AT11: 608 | AU11: 402 | AV11: 236 | AW11: 804 | AX11: 168 | AY11: 46 | AZ11: 53 | BA11: 97 | BB11: 868 | BC11: 92 | BD11: 188 | BE11: 553 | BF11: 549 | BG11: 331 | BH11: 234 | BI11: 402 | BJ11: 155 | BK11: 99 | BL11: 160 | BM11: 490 | BN11: 967 | BO11: 285 | BP11: 236 | BQ11: 693 | BR11: 597 | BS11: 414 | BT11: 409 | BU11: 507 | BV11: 72 | BW11: 651 | BX11: 60 | BY11: 779 | BZ11: 319 | CA11: 115 | CB11: 75 | CC11: 244 | CD11: 631 | CE11: 669 | CF11: 487 | CG11: 664 | CH11: 643 | CI11: 185 | CJ11: 705 | CK11: 641 | CL11: 531 | CM11: 429 | CN11: 335 | CO11: 38 | CP11: 757 | CQ11: 188 | CR11: 448 | CS11: 564 | CT11: 243 | CU11: 139 | CV11: 224 | CW11: 167
A12: 11 | B12: 689 | C12: 837 | D12: 50 | E12: 679 | F12: 421 | G12: 667 | H12: 783 | I12: 731 | J12: 63 | K12: 633 | L12: 864 | M12: 456 | N12: 90 | O12: 727 | P12: 753 | Q12: 536 | R12: 509 | S12: 864 | T12: 814 | U12: 209 | V12: 906 | W12: 565 | X12: 658 | Y12: 596 | Z12: 551 | AA12: 635 | AB12: 752 | AC12: 773 | AD12: 59 | AE12: 352 | AF12: 878 | AG12: 534 | AH12: 555 | AI12: 689 | AJ12: 115 | AK12: 24 | AL12: 266 | AM12: 371 | AN12: 300 | AO12: 781 | AP12: 890 | AQ12: 701 | AR12: 796 | AS12: 901 | AT12: 851 | AU12: 699 | AV12: 520 | AW12: 978 | AX12: 183 | AY12: 208 | AZ12: 408 | BA12: 302 | BB12: 267 | BC12: 662 | BD12: 126 | BE12: 435 | BF12: 721 | BG12: 304 | BH12: 34 | BI12: 769 | BJ12: 441 | BK12: 151 | BL12: 80 | BM12: 359 | BN12: 587 | BO12: 133 | BP12: 81 | BQ12: 9 | BR12: 148 | BS12: 50 | BT12: 184 | BU12: 308 | BV12: 983 | BW12: 824 | BX12: 81 | BY12: 608 | BZ12: 780 | CA12: 650 | CB12: 920 | CC12: 314 | CD12: 810 | CE12: 534 | CF12: 982 | CG12: 456 | CH12: 282 | CI12: 524 | CJ12: 854 | CK12: 934 | CL12: 333 | CM12: 674 | CN12: 491 | CO12: 945 | CP12: 479 | CQ12: 175 | CR12: 592 | CS12: 891 | CT12: 992 | CU12: 324 | CV12: 572 | CW12: 262
A13: 12 | B13: 506 | C13: 709 | D13: 743 | E13: 598 | F13: 727 | G13: 446 | H13: 35 | I13: 282 | J13: 235 | K13: 904 | L13: 511 | M13: 823 | N13: 464 | O13: 905 | P13: 409 | Q13: 290 | R13: 318 | S13: 55 | T13: 430 | U13: 758 | V13: 341 | W13: 842 | X13: 627 | Y13: 203 | Z13: 698 | AA13: 156 | AB13: 584 | AC13: 532 | AD13: 10 | AE13: 11 | AF13: 564 | AG13: 525 | AH13: 915 | AI13: 70 | AJ13: 412 | AK13: 912 | AL13: 671 | AM13: 898 | AN13: 474 | AO13: 938 | AP13: 190 | AQ13: 780 | AR13: 88 | AS13: 764 | AT13: 186 | AU13: 896 | AV13: 96 | AW13: 833 | AX13: 198 | AY13: 435 | AZ13: 977 | BA13: 699 | BB13: 761 | BC13: 68 | BD13: 785 | BE13: 290 | BF13: 854 | BG13: 67 | BH13: 894 | BI13: 843 | BJ13: 714 | BK13: 909 | BL13: 243 | BM13: 38 | BN13: 737 | BO13: 223 | BP13: 969 | BQ13: 487 | BR13: 508 | BS13: 91 | BT13: 763 | BU13: 941 | BV13: 117 | BW13: 692 | BX13: 381 | BY13: 456 | BZ13: 949 | CA13: 930 | CB13: 5 | CC13: 443 | CD13: 669 | CE13: 243 | CF13: 574 | CG13: 199 | CH13: 337 | CI13: 559 | CJ13: 417 | CK13: 165 | CL13: 857 | CM13: 255 | CN13: 205 | CO13: 245 | CP13: 503 | CQ13: 1000 | CR13: 772 | CS13: 41 | CT13: 999 | CU13: 43 | CV13: 800 | CW13: 612
... A1001: 1000 | B1001: 272 | C1001: 103 | D1001: 640 | E1001: 107 | F1001: 754 | G1001: 885 | H1001: 348 | I1001: 503 | J1001: 588 | K1001: 255 | L1001: 749 | M1001: 441 | N1001: 529 | O1001: 102 | P1001: 887 | Q1001: 171 | R1001: 332 | S1001: 614 | T1001: 751 | U1001: 207 | V1001: 52 | W1001: 921 | X1001: 108 | Y1001: 7 | Z1001: 761 | AA1001: 79 | AB1001: 628 | AC1001: 711 | AD1001: 491 | AE1001: 112 | AF1001: 136 | AG1001: 584 | AH1001: 649 | AI1001: 252 | AJ1001: 821 | AK1001: 182 | AL1001: 835 | AM1001: 727 | AN1001: 74 | AO1001: 93 | AP1001: 138 | AQ1001: 653 | AR1001: 327 | AS1001: 354 | AT1001: 308 | AU1001: 901 | AV1001: 219 | AW1001: 668 | AX1001: 944 | AY1001: 884 | AZ1001: 200 | BA1001: 208 | BB1001: 377 | BC1001: 840 | BD1001: 787 | BE1001: 945 | BF1001: 36 | BG1001: 294 | BH1001: 535 | BI1001: 10 | BJ1001: 500 | BK1001: 861 | BL1001: 139 | BM1001: 90 | BN1001: 502 | BO1001: 93 | BP1001: 665 | BQ1001: 793 | BR1001: 51 | BS1001: 598 | BT1001: 205 | BU1001: 688 | BV1001: 940 | BW1001: 940 | BX1001: 633 | BY1001: 539 | BZ1001: 506 | CA1001: 699 | CB1001: 200 | CC1001: 374 | CD1001: 588 | CE1001: 741 | CF1001: 335 | CG1001: 366 | CH1001: 964 | CI1001: 604 | CJ1001: 936 | CK1001: 8 | CL1001: 845 | CM1001: 169 | CN1001: 629 | CO1001: 661 | CP1001: 19 | CQ1001: 293 | CR1001: 636 | CS1001: 153 | CT1001: 50 | CU1001: 132 | CV1001: 899 | CW1001: 181

Sheet Population Density
A1: Bins | B1: Frequency
A2: 0 | B2: {=FREQUENCY(Population,A2:A62)/PopulationSize} -> 0.001
A3: =A2+0.25 -> 0.25 | B3: 0
A4: =A3+0.25 -> 0.5 | B4: 0
A5: =A4+0.25 -> 0.75 | B5: 0
A6: =A5+0.25 -> 1 | B6: 0.009
A7: =A6+0.25 -> 1.25 | B7: 0
A8: =A7+0.25 -> 1.5 | B8: 0
A9: =A8+0.25 -> 1.75 | B9: 0
A10: =A9+0.25 -> 2 | B10: 0.043
A11: =A10+0.25 -> 2.25 | B11: 0
A12: =A11+0.25 -> 2.5 | B12: 0
A13: =A12+0.25 -> 2.75 | B13: 0
A14: =A13+0.25 -> 3 | B14: 0.112
... A62: =A61+0.25 -> 15 | B62: 0
B63: 0

Sheet Sample Density
D1: =IFERROR(D2&" - Mean: "&ROUND(AVERAGE(Samples!B5:B1004),2),"") -> Sample 1 - Mean: 4.7 | E1: =IFERROR(E2&" - Mean: "&ROUND(AVERAGE(Samples!C5:C1004),2),"") -> Sample 2 - Mean: 5.5 | F1: =IFERROR(F2&" - Mean: "&ROUND(AVERAGE(Samples!D5:D1004),2),"") -> Sample 3 - Mean: 4.4 | G1: =IFERROR(G2&" - Mean: "&ROUND(AVERAGE(Samples!E5:E1004),2),"") -> Sample 4 - Mean: 4.7 | H1: =IFERROR(H2&" - Mean: "&ROUND(AVERAGE(Samples!F5:F1004),2),"") -> Sample 5 - Mean: 5 | I1: =IFERROR(I2&" - Mean: "&ROUND(AVERAGE(Samples!G5:G1004),2),"") -> Sample 6 - Mean: 5.2
A2: Value | B2: Frequency | D2: Sample 1 | E2: Sample 2 | F2: Sample 3 | G2: Sample 4 | H2: Sample 5 | I2: Sample 6
A3: 0 | B3: {=FREQUENCY(SampleMeans,'Sample Density'!A3:A63)/SampleNumber} -> 0 | D3: =COUNTIFS(Samples!B$5:B$1004,"<="&'Sample Density'!$A3)/SampleSize -> 0 | E3: =COUNTIFS(Samples!C$5:C$1004,"<="&'Sample Density'!$A3)/SampleSize -> 0 | F3: =COUNTIFS(Samples!D$5:D$1004,"<="&'Sample Density'!$A3)/SampleSize -> 0 | G3: =COUNTIFS(Samples!E$5:E$1004,"<="&'Sample Density'!$A3)/SampleSize -> 0 | H3: =COUNTIFS(Samples!F$5:F$1004,"<="&'Sample Density'!$A3)/SampleSize -> 0 | I3: =COUNTIFS(Samples!G$5:G$1004,"<="&'Sample Density'!$A3)/SampleSize -> 0
A4: 0.25 | B4: 0 | D4: =COUNTIFS(Samples!B$5:B$1004,"<="&'Sample Density'!$A4,Samples!B$5:B$1004,">"&'Sample Density'!$A3)/SampleSize -> 0 | E4: =COUNTIFS(Samples!C$5:C$1004,"<="&'Sample Density'!$A4,Samples!C$5:C$1004,">"&'Sample Density'!$A3)/SampleSize -> 0 | F4: =COUNTIFS(Samples!D$5:D$1004,"<="&'Sample Density'!$A4,Samples!D$5:D$1004,">"&'Sample Density'!$A3)/SampleSize -> 0 | G4: =COUNTIFS(Samples!E$5:E$1004,"<="&'Sample Density'!$A4,Samples!E$5:E$1004,">"&'Sample Density'!$A3)/SampleSize -> 0 | H4: =COUNTIFS(Samples!F$5:F$1004,"<="&'Sample Density'!$A4,Samples!F$5:F$1004,">"&'Sample Density'!$A3)/SampleSize -> 0 | I4: =COUNTIFS(Samples!G$5:G$1004,"<="&'Sample Density'!$A4,Samples!G$5:G$1004,">"&'Sample Density'!$A3)/SampleSize -> 0
A5: =A4+0.25 -> 0.5 | B5: 0 | D5: =COUNTIFS(Samples!B$5:B$1004,"<="&'Sample Density'!$A5,Samples!B$5:B$1004,">"&'Sample Density'!$A4)/SampleSize -> 0 | E5: =COUNTIFS(Samples!C$5:C$1004,"<="&'Sample Density'!$A5,Samples!C$5:C$1004,">"&'Sample Density'!$A4)/SampleSize -> 0 | F5: =COUNTIFS(Samples!D$5:D$1004,"<="&'Sample Density'!$A5,Samples!D$5:D$1004,">"&'Sample Density'!$A4)/SampleSize -> 0 | G5: =COUNTIFS(Samples!E$5:E$1004,"<="&'Sample Density'!$A5,Samples!E$5:E$1004,">"&'Sample Density'!$A4)/SampleSize -> 0 | H5: =COUNTIFS(Samples!F$5:F$1004,"<="&'Sample Density'!$A5,Samples!F$5:F$1004,">"&'Sample Density'!$A4)/SampleSize -> 0 | I5: =COUNTIFS(Samples!G$5:G$1004,"<="&'Sample Density'!$A5,Samples!G$5:G$1004,">"&'Sample Density'!$A4)/SampleSize -> 0
A6: =A5+0.25 -> 0.75 | B6: 0 | D6: =COUNTIFS(Samples!B$5:B$1004,"<="&'Sample Density'!$A6,Samples!B$5:B$1004,">"&'Sample Density'!$A5)/SampleSize -> 0 | E6: =COUNTIFS(Samples!C$5:C$1004,"<="&'Sample Density'!$A6,Samples!C$5:C$1004,">"&'Sample Density'!$A5)/SampleSize -> 0 | F6: =COUNTIFS(Samples!D$5:D$1004,"<="&'Sample Density'!$A6,Samples!D$5:D$1004,">"&'Sample Density'!$A5)/SampleSize -> 0 | G6: =COUNTIFS(Samples!E$5:E$1004,"<="&'Sample Density'!$A6,Samples!E$5:E$1004,">"&'Sample Density'!$A5)/SampleSize -> 0 | H6: =COUNTIFS(Samples!F$5:F$1004,"<="&'Sample Density'!$A6,Samples!F$5:F$1004,">"&'Sample Density'!$A5)/SampleSize -> 0 | I6: =COUNTIFS(Samples!G$5:G$1004,"<="&'Sample Density'!$A6,Samples!G$5:G$1004,">"&'Sample Density'!$A5)/SampleSize -> 0
A7: =A6+0.25 -> 1 | B7: 0 | D7: =COUNTIFS(Samples!B$5:B$1004,"<="&'Sample Density'!$A7,Samples!B$5:B$1004,">"&'Sample Density'!$A6)/SampleSize -> 0 | E7: =COUNTIFS(Samples!C$5:C$1004,"<="&'Sample Density'!$A7,Samples!C$5:C$1004,">"&'Sample Density'!$A6)/SampleSize -> 0 | F7: =COUNTIFS(Samples!D$5:D$1004,"<="&'Sample Density'!$A7,Samples!D$5:D$1004,">"&'Sample Density'!$A6)/SampleSize -> 0 | G7: =COUNTIFS(Samples!E$5:E$1004,"<="&'Sample Density'!$A7,Samples!E$5:E$1004,">"&'Sample Density'!$A6)/SampleSize -> 0 | H7: =COUNTIFS(Samples!F$5:F$1004,"<="&'Sample Density'!$A7,Samples!F$5:F$1004,">"&'Sample Density'!$A6)/SampleSize -> 0 | I7: =COUNTIFS(Samples!G$5:G$1004,"<="&'Sample Density'!$A7,Samples!G$5:G$1004,">"&'Sample Density'!$A6)/SampleSize -> 0
A8: =A7+0.25 -> 1.25 | B8: 0 | D8: =COUNTIFS(Samples!B$5:B$1004,"<="&'Sample Density'!$A8,Samples!B$5:B$1004,">"&'Sample Density'!$A7)/SampleSize -> 0 | E8: =COUNTIFS(Samples!C$5:C$1004,"<="&'Sample Density'!$A8,Samples!C$5:C$1004,">"&'Sample Density'!$A7)/SampleSize -> 0 | F8: =COUNTIFS(Samples!D$5:D$1004,"<="&'Sample Density'!$A8,Samples!D$5:D$1004,">"&'Sample Density'!$A7)/SampleSize -> 0 | G8: =COUNTIFS(Samples!E$5:E$1004,"<="&'Sample Density'!$A8,Samples!E$5:E$1004,">"&'Sample Density'!$A7)/SampleSize -> 0 | H8: =COUNTIFS(Samples!F$5:F$1004,"<="&'Sample Density'!$A8,Samples!F$5:F$1004,">"&'Sample Density'!$A7)/SampleSize -> 0 | I8: =COUNTIFS(Samples!G$5:G$1004,"<="&'Sample Density'!$A8,Samples!G$5:G$1004,">"&'Sample Density'!$A7)/SampleSize -> 0
A9: =A8+0.25 -> 1.5 | B9: 0 | D9: =COUNTIFS(Samples!B$5:B$1004,"<="&'Sample Density'!$A9,Samples!B$5:B$1004,">"&'Sample Density'!$A8)/SampleSize -> 0 | E9: =COUNTIFS(Samples!C$5:C$1004,"<="&'Sample Density'!$A9,Samples!C$5:C$1004,">"&'Sample Density'!$A8)/SampleSize -> 0 | F9: =COUNTIFS(Samples!D$5:D$1004,"<="&'Sample Density'!$A9,Samples!D$5:D$1004,">"&'Sample Density'!$A8)/SampleSize -> 0 | G9: =COUNTIFS(Samples!E$5:E$1004,"<="&'Sample Density'!$A9,Samples!E$5:E$1004,">"&'Sample Density'!$A8)/SampleSize -> 0 | H9: =COUNTIFS(Samples!F$5:F$1004,"<="&'Sample Density'!$A9,Samples!F$5:F$1004,">"&'Sample Density'!$A8)/SampleSize -> 0 | I9: =COUNTIFS(Samples!G$5:G$1004,"<="&'Sample Density'!$A9,Samples!G$5:G$1004,">"&'Sample Density'!$A8)/SampleSize -> 0
A10: =A9+0.25 -> 1.75 | B10: 0 | D10: =COUNTIFS(Samples!B$5:B$1004,"<="&'Sample Density'!$A10,Samples!B$5:B$1004,">"&'Sample Density'!$A9)/SampleSize -> 0 | E10: =COUNTIFS(Samples!C$5:C$1004,"<="&'Sample Density'!$A10,Samples!C$5:C$1004,">"&'Sample Density'!$A9)/SampleSize -> 0 | F10: =COUNTIFS(Samples!D$5:D$1004,"<="&'Sample Density'!$A10,Samples!D$5:D$1004,">"&'Sample Density'!$A9)/SampleSize -> 0 | G10: =COUNTIFS(Samples!E$5:E$1004,"<="&'Sample Density'!$A10,Samples!E$5:E$1004,">"&'Sample Density'!$A9)/SampleSize -> 0 | H10: =COUNTIFS(Samples!F$5:F$1004,"<="&'Sample Density'!$A10,Samples!F$5:F$1004,">"&'Sample Density'!$A9)/SampleSize -> 0 | I10: =COUNTIFS(Samples!G$5:G$1004,"<="&'Sample Density'!$A10,Samples!G$5:G$1004,">"&'Sample Density'!$A9)/SampleSize -> 0
A11: =A10+0.25 -> 2 | B11: 0 | D11: =COUNTIFS(Samples!B$5:B$1004,"<="&'Sample Density'!$A11,Samples!B$5:B$1004,">"&'Sample Density'!$A10)/SampleSize -> 0 | E11: =COUNTIFS(Samples!C$5:C$1004,"<="&'Sample Density'!$A11,Samples!C$5:C$1004,">"&'Sample Density'!$A10)/SampleSize -> 0 | F11: =COUNTIFS(Samples!D$5:D$1004,"<="&'Sample Density'!$A11,Samples!D$5:D$1004,">"&'Sample Density'!$A10)/SampleSize -> 0.1 | G11: =COUNTIFS(Samples!E$5:E$1004,"<="&'Sample Density'!$A11,Samples!E$5:E$1004,">"&'Sample Density'!$A10)/SampleSize -> 0.2 | H11: =COUNTIFS(Samples!F$5:F$1004,"<="&'Sample Density'!$A11,Samples!F$5:F$1004,">"&'Sample Density'!$A10)/SampleSize -> 0.1 | I11: =COUNTIFS(Samples!G$5:G$1004,"<="&'Sample Density'!$A11,Samples!G$5:G$1004,">"&'Sample Density'!$A10)/SampleSize -> 0
A12: =A11+0.25 -> 2.25 | B12: 0 | D12: =COUNTIFS(Samples!B$5:B$1004,"<="&'Sample Density'!$A12,Samples!B$5:B$1004,">"&'Sample Density'!$A11)/SampleSize -> 0 | E12: =COUNTIFS(Samples!C$5:C$1004,"<="&'Sample Density'!$A12,Samples!C$5:C$1004,">"&'Sample Density'!$A11)/SampleSize -> 0 | F12: =COUNTIFS(Samples!D$5:D$1004,"<="&'Sample Density'!$A12,Samples!D$5:D$1004,">"&'Sample Density'!$A11)/SampleSize -> 0 | G12: =COUNTIFS(Samples!E$5:E$1004,"<="&'Sample Density'!$A12,Samples!E$5:E$1004,">"&'Sample Density'!$A11)/SampleSize -> 0 | H12: =COUNTIFS(Samples!F$5:F$1004,"<="&'Sample Density'!$A12,Samples!F$5:F$1004,">"&'Sample Density'!$A11)/SampleSize -> 0 | I12: =COUNTIFS(Samples!G$5:G$1004,"<="&'Sample Density'!$A12,Samples!G$5:G$1004,">"&'Sample Density'!$A11)/SampleSize -> 0
A13: =A12+0.25 -> 2.5 | B13: 0 | D13: =COUNTIFS(Samples!B$5:B$1004,"<="&'Sample Density'!$A13,Samples!B$5:B$1004,">"&'Sample Density'!$A12)/SampleSize -> 0 | E13: =COUNTIFS(Samples!C$5:C$1004,"<="&'Sample Density'!$A13,Samples!C$5:C$1004,">"&'Sample Density'!$A12)/SampleSize -> 0 | F13: =COUNTIFS(Samples!D$5:D$1004,"<="&'Sample Density'!$A13,Samples!D$5:D$1004,">"&'Sample Density'!$A12)/SampleSize -> 0 | G13: =COUNTIFS(Samples!E$5:E$1004,"<="&'Sample Density'!$A13,Samples!E$5:E$1004,">"&'Sample Density'!$A12)/SampleSize -> 0 | H13: =COUNTIFS(Samples!F$5:F$1004,"<="&'Sample Density'!$A13,Samples!F$5:F$1004,">"&'Sample Density'!$A12)/SampleSize -> 0 | I13: =COUNTIFS(Samples!G$5:G$1004,"<="&'Sample Density'!$A13,Samples!G$5:G$1004,">"&'Sample Density'!$A12)/SampleSize -> 0
A14: =A13+0.25 -> 2.75 | B14: 0 | D14: =COUNTIFS(Samples!B$5:B$1004,"<="&'Sample Density'!$A14,Samples!B$5:B$1004,">"&'Sample Density'!$A13)/SampleSize -> 0 | E14: =COUNTIFS(Samples!C$5:C$1004,"<="&'Sample Density'!$A14,Samples!C$5:C$1004,">"&'Sample Density'!$A13)/SampleSize -> 0 | F14: =COUNTIFS(Samples!D$5:D$1004,"<="&'Sample Density'!$A14,Samples!D$5:D$1004,">"&'Sample Density'!$A13)/SampleSize -> 0 | G14: =COUNTIFS(Samples!E$5:E$1004,"<="&'Sample Density'!$A14,Samples!E$5:E$1004,">"&'Sample Density'!$A13)/SampleSize -> 0 | H14: =COUNTIFS(Samples!F$5:F$1004,"<="&'Sample Density'!$A14,Samples!F$5:F$1004,">"&'Sample Density'!$A13)/SampleSize -> 0 | I14: =COUNTIFS(Samples!G$5:G$1004,"<="&'Sample Density'!$A14,Samples!G$5:G$1004,">"&'Sample Density'!$A13)/SampleSize -> 0
A15: =A14+0.25 -> 3 | B15: 0 | D15: =COUNTIFS(Samples!B$5:B$1004,"<="&'Sample Density'!$A15,Samples!B$5:B$1004,">"&'Sample Density'!$A14)/SampleSize -> 0.2 | E15: =COUNTIFS(Samples!C$5:C$1004,"<="&'Sample Density'!$A15,Samples!C$5:C$1004,">"&'Sample Density'!$A14)/SampleSize -> 0.2 | F15: =COUNTIFS(Samples!D$5:D$1004,"<="&'Sample Density'!$A15,Samples!D$5:D$1004,">"&'Sample Density'!$A14)/SampleSize -> 0.1 | G15: =COUNTIFS(Samples!E$5:E$1004,"<="&'Sample Density'!$A15,Samples!E$5:E$1004,">"&'Sample Density'!$A14)/SampleSize -> 0 | H15: =COUNTIFS(Samples!F$5:F$1004,"<="&'Sample Density'!$A15,Samples!F$5:F$1004,">"&'Sample Density'!$A14)/SampleSize -> 0 | I15: =COUNTIFS(Samples!G$5:G$1004,"<="&'Sample Density'!$A15,Samples!G$5:G$1004,">"&'Sample Density'!$A14)/SampleSize -> 0.1
A16: =A15+0.25 -> 3.25 | B16: 0 | D16: =COUNTIFS(Samples!B$5:B$1004,"<="&'Sample Density'!$A16,Samples!B$5:B$1004,">"&'Sample Density'!$A15)/SampleSize -> 0 | E16: =COUNTIFS(Samples!C$5:C$1004,"<="&'Sample Density'!$A16,Samples!C$5:C$1004,">"&'Sample Density'!$A15)/SampleSize -> 0 | F16: =COUNTIFS(Samples!D$5:D$1004,"<="&'Sample Density'!$A16,Samples!D$5:D$1004,">"&'Sample Density'!$A15)/SampleSize -> 0 | G16: =COUNTIFS(Samples!E$5:E$1004,"<="&'Sample Density'!$A16,Samples!E$5:E$1004,">"&'Sample Density'!$A15)/SampleSize -> 0 | H16: =COUNTIFS(Samples!F$5:F$1004,"<="&'Sample Density'!$A16,Samples!F$5:F$1004,">"&'Sample Density'!$A15)/SampleSize -> 0 | I16: =COUNTIFS(Samples!G$5:G$1004,"<="&'Sample Density'!$A16,Samples!G$5:G$1004,">"&'Sample Density'!$A15)/SampleSize -> 0
... A63: =A62+0.25 -> 15 | B63: 0 | D63: =COUNTIFS(Samples!B$5:B$1004,"<="&'Sample Density'!$A63,Samples!B$5:B$1004,">"&'Sample Density'!$A62)/SampleSize -> 0 | E63: =COUNTIFS(Samples!C$5:C$1004,"<="&'Sample Density'!$A63,Samples!C$5:C$1004,">"&'Sample Density'!$A62)/SampleSize -> 0 | F63: =COUNTIFS(Samples!D$5:D$1004,"<="&'Sample Density'!$A63,Samples!D$5:D$1004,">"&'Sample Density'!$A62)/SampleSize -> 0 | G63: =COUNTIFS(Samples!E$5:E$1004,"<="&'Sample Density'!$A63,Samples!E$5:E$1004,">"&'Sample Density'!$A62)/SampleSize -> 0 | H63: =COUNTIFS(Samples!F$5:F$1004,"<="&'Sample Density'!$A63,Samples!F$5:F$1004,">"&'Sample Density'!$A62)/SampleSize -> 0 | I63: =COUNTIFS(Samples!G$5:G$1004,"<="&'Sample Density'!$A63,Samples!G$5:G$1004,">"&'Sample Density'!$A62)/SampleSize -> 0
B64: 0

Sheet Results
B2: Play around with the three options to confirm the following assertions of the Law of Large Numbers & Central Limit Theorem
L4: Population Distribution | N4: Number of Samples | P4: Sample Size | Z4: Graph Labels
L5: Binomial | N5: 1000 | P5: 10 | Z5: Pop Mean Label | AA5: ="Population mean of X: "&ROUND(PopulationMean,2) -> Population mean of X: 5
Z6: Pop Mean Height | AA6: 0.5
L7: Population | N7: DOWN | P7: DOWN | Z7: Mean of Sample Means Label | AA7: ="Mean of Sample Means (x̅): "&ROUND(MeanSampleMeans,2) -> Mean of Sample Means (x̅): 5
L8: =COUNTA(Population) -> 1000 | Z8: Mean of Sample Means Height | AA8: 0.5
N12: UP | P12: UP
L14: Two Tailed Confidence Intervals
L15: Set Distribution to Normal & Num Samples to 1
L16: Show Confidence Intervals | P16: FALSE
L17: Confidence Level | P17: 0.95

Sheet Confidence
B1: =C4 -> 0.8 | C1: =D4 -> 0.9 | D1: =E4 -> 0.95 | E1: =F4 -> 0.98 | F1: =G4 -> 0.99 | G1: 0.995 | H1: Confidence - one sided | K1: Sample 1 Mean | L1: =Samples!B2 -> 4.7 | N1: t value | O1: {=INDEX(tvalues,MATCH(DegreesFreedom,dfvalues,1),MATCH(NUMBERVALUE(alpha),avaluestwosided,0))} -> #NAME? | Q1: Used in graph | T1: Confidence Values
B2: =C5 -> 0.2 | C2: =D5 -> 0.1 | D2: =E5 -> 0.05 | E2: =F5 -> 0.02 | F2: =G5 -> 0.01 | G2: 0.005 | H2: a - one sided | K2: Sample 1 SD | L2: =STDEV(Samples!B5:B1004) -> 1.4944341 | N2: z value | O2: {=INDEX(tvalues,47,MATCH(NUMBERVALUE(alpha),avaluestwosided,0))} -> #NAME? | Q2: Confidence line height | R2: =IF(O5="","",0.5) | T2: 0.99
K3: Sample 1 Size | L3: =SampleSize -> 10 | Q3: Confidence line height | R3: =IF(O6="","",0.5) | T3: 0.95
B4: =1-B5 -> 0.5 | C4: =1-C5 -> 0.8 | D4: =1-D5 -> 0.9 | E4: =1-E5 -> 0.95 | F4: =1-F5 -> 0.98 | G4: =1-G5 -> 0.99 | H4: Confidence - two sided | K4: Confidence | L4: =Confidence -> 0.95 | T4: 0.9
B5: 0.5 | C5: 0.2 | D5: 0.1 | E5: 0.05 | F5: 0.02 | G5: 0.01 | H5: a - two sided | K5: alpha | L5: =(1-Confidence) -> 0.05 | N5: Upper Confidence | O5: =IF(AND(ShowIntervals,NumSamples=1,Distribution="Normal"),samplemean+tvalue*(samplestdev/SQRT(SampleSize)),"")
K6: Degrees of Freedom | L6: =SampleSize-1 -> 9 | N6: Lower Confidence | O6: =IF(AND(ShowIntervals,NumSamples=1,Distribution="Normal"),samplemean-tvalue*(samplestdev/SQRT(SampleSize)),"")
A7: df | B7: T Table
A8: 1 | B8: 1 | C8: 3.08 | D8: 6.31 | E8: 12.71 | F8: 31.82 | G8: 63.66
A9: 2 | B9: 0.82 | C9: 1.89 | D9: 2.92 | E9: 4.3 | F9: 6.96 | G9: 9.22
A10: 3 | B10: 0.76 | C10: 1.64 | D10: 2.35 | E10: 3.18 | F10: 4.54 | G10: 5.84
A11: 4 | B11: 0.74 | C11: 1.53 | D11: 2.13 | E11: 2.78 | F11: 3.75 | G11: 4.6
A12: 5 | B12: 0.73 | C12: 1.48 | D12: 2.02 | E12: 2.57 | F12: 3.37 | G12: 4.03
A13: 6 | B13: 0.72 | C13: 1.44 | D13: 1.94 | E13: 2.45 | F13: 3.14 | G13: 3.71
A14: 7 | B14: 0.71 | C14: 1.42 | D14: 1.9 | E14: 2.37 | F14: 3 | G14: 3.5
A15: 8 | B15: 0.71 | C15: 1.4 | D15: 1.86 | E15: 2.31 | F15: 2.9 | G15: 3.36
A16: 9 | B16: 0.7 | C16: 1.38 | D16: 1.83 | E16: 2.26 | F16: 2.82 | G16: 3.25
A17: 10 | B17: 0.7 | C17: 1.37 | D17: 1.81 | E17: 2.23 | F17: 2.76 | G17: 3.17
A18: 11 | B18: 0.7 | C18: 1.36 | D18: 1.8 | E18: 2.2 | F18: 2.72 | G18: 3.11
A19: 12 | B19: 0.7 | C19: 1.36 | D19: 1.78 | E19: 2.18 | F19: 2.68 | G19: 3.06
... A53: 500 | B53: 0.68 | C53: 1.28 | D53: 1.65 | E53: 1.97 | F53: 2.33 | G53: 2.59
A54: 501 | B54: 0.67 | C54: 1.28 | D54: 1.65 | E54: 1.96 | F54: 2.33 | G54: 2.58 | H54: as sample size tends to infinity, the t distribution tends towards the standard normal distribution (Z)
